{
  "config": {
    "model_name_or_path": "pythia-2.8b-local",
    "output_dir": "outputs/speed_benchmark",
    "mode": "lazy_h2o",
    "seq_lengths": [
      512,
      1024,
      2048,
      4096
    ],
    "num_decode_tokens": 128,
    "start_size": 4,
    "recent_size": 252,
    "heavy_size": 128,
    "update_interval": 10
  },
  "results": [
    {
      "seq_length": 512,
      "kv_cache_size": 384,
      "avg_decode_latency_ms": 35.166157485946314,
      "std_decode_latency_ms": 3.181740476851828,
      "total_decode_latency_ms": 4501.268158201128,
      "tokens_per_sec": 28.436430690490898
    },
    {
      "seq_length": 1024,
      "kv_cache_size": 384,
      "avg_decode_latency_ms": 34.816357621821226,
      "std_decode_latency_ms": 3.1165356660114525,
      "total_decode_latency_ms": 4456.493775593117,
      "tokens_per_sec": 28.722131443561686
    },
    {
      "seq_length": 2048,
      "kv_cache_size": 384,
      "avg_decode_latency_ms": 34.83866985152417,
      "std_decode_latency_ms": 2.9698174525275713,
      "total_decode_latency_ms": 4459.349740995094,
      "tokens_per_sec": 28.703736516400053
    }
  ]
}