{
  "config": {
    "model_name_or_path": "pythia-2.8b-local",
    "output_dir": "outputs/speed_benchmark",
    "mode": "h2o",
    "seq_lengths": [
      512,
      1024,
      2048,
      4096
    ],
    "num_decode_tokens": 128,
    "start_size": 4,
    "recent_size": 252,
    "heavy_size": 128,
    "update_interval": 10
  },
  "results": [
    {
      "seq_length": 512,
      "kv_cache_size": 384,
      "avg_decode_latency_ms": 33.1202077522903,
      "std_decode_latency_ms": 1.12666225317971,
      "total_decode_latency_ms": 4239.386592293158,
      "tokens_per_sec": 30.193047322622814
    },
    {
      "seq_length": 1024,
      "kv_cache_size": 384,
      "avg_decode_latency_ms": 32.73807575169485,
      "std_decode_latency_ms": 0.28527999204179827,
      "total_decode_latency_ms": 4190.473696216941,
      "tokens_per_sec": 30.545472726760064
    },
    {
      "seq_length": 2048,
      "kv_cache_size": 384,
      "avg_decode_latency_ms": 32.76111241575563,
      "std_decode_latency_ms": 0.30578234877023946,
      "total_decode_latency_ms": 4193.422389216721,
      "tokens_per_sec": 30.52399403626707
    }
  ]
}