{
  "config": {
    "model_name_or_path": "pythia-2.8b-local",
    "output_dir": "outputs/speed_benchmark",
    "mode": "streaming",
    "seq_lengths": [
      256,
      512,
      1024,
      2048
    ],
    "num_decode_tokens": 128,
    "start_size": 4,
    "recent_size": 252,
    "heavy_size": 128,
    "update_interval": 10
  },
  "results": [
    {
      "seq_length": 256,
      "kv_cache_size": 256,
      "avg_decode_latency_ms": 33.22402236153721,
      "std_decode_latency_ms": 1.214126300740469,
      "total_decode_latency_ms": 4252.674862276763,
      "tokens_per_sec": 30.09870355606551
    },
    {
      "seq_length": 512,
      "kv_cache_size": 256,
      "avg_decode_latency_ms": 32.73465377787943,
      "std_decode_latency_ms": 0.4281101721974721,
      "total_decode_latency_ms": 4190.035683568567,
      "tokens_per_sec": 30.54866585073687
    },
    {
      "seq_length": 1024,
      "kv_cache_size": 256,
      "avg_decode_latency_ms": 32.85402712026553,
      "std_decode_latency_ms": 0.588423767063935,
      "total_decode_latency_ms": 4205.3154713939875,
      "tokens_per_sec": 30.437668914662964
    },
    {
      "seq_length": 2048,
      "kv_cache_size": 256,
      "avg_decode_latency_ms": 32.64650540222647,
      "std_decode_latency_ms": 0.09865502890985203,
      "total_decode_latency_ms": 4178.752691484988,
      "tokens_per_sec": 30.631149878963793
    }
  ]
}